Topic,Name
1,Practice and Theory
2,Creative Thinking Ability
3,Computer Science and Computer Engineering
4,Network Support and Network Tasks
5,Background and Employment Opportunities
6,AI Development
7,Base Educational Approach
8,Minority Student Education
9,Educational Interventions
10,Training in Interdisciplinary
11,Minority Students' Self-efficacy
12,Software/Hardware Security
13,Educational Environment and Career Outcomes
14,Team Diversity and Innovative Reseults
15,Education Evaluation
16,Data Sience and Data Analysis
17,IT & Human Behavior
18,Education Workshop
19,Education Alliance Development
20,Educational Counseling and Support
21,Material Science
22,Community College Support
23,Cybersecurity
24,Online Education and Self-learning
25,Environmental Resourse System